ID,Name,Age,Salary,Department
1,Alice,-1.4836636618975403,-1.725163898355885,2
2,Bob,-0.3709159154743847,-0.89708522714506,1
3,Charlie,0.7418318309487709,-0.06900655593423502,2
4,David,1.8545795773719265,0.75907211527659,0
5,Eva,-0.8160150140436468,0.0,3
6,Frank,7.906548279543952e-16,0.34503277967117746,1
7,Grace,0.07418318309487756,1.587150786487415,2
